drug,acz_dose_mg,tpm_dose_mg,total_dose_mg,icp_reduction,pmd_improvement,tolerability,synergy_icp,synergy_pmd
ACZ+TPM,1000,100,1100,-8.410241971805082,2.1417440905630594,0.5121320692030749,1.15,1.1
ACZ+TPM,1000,200,1200,-10.827174417236327,2.7606320684749193,0.44079615694615626,1.15,1.1
ACZ+TPM,2000,100,2100,-10.395564565095139,2.6596634435121786,0.4192982746940187,1.15,1.1
ACZ+TPM,2000,200,2200,-12.812497010526384,3.2785514214240377,0.36089336953040685,1.15,1.1
