drug_type,dose_mg,icp_reduction_mean,pmd_improvement_mean,icp_normalized_pct,marginal_icp_per_1g,marginal_pmd_per_1g
ACZ_monotherapy,500,2.223256741046788,-0.4437938180895957,49.0,,
ACZ_monotherapy,1000,3.68228781038213,-0.8115155935337646,54.0,2.9180621386706838,-0.7354435508883377
ACZ_monotherapy,1500,4.033562127483668,-1.1249240857752547,56.00000000000001,0.702548634203076,-0.6268169844829803
ACZ_monotherapy,2000,4.984793461370207,-1.0965723960200746,49.0,1.9024626677730776,0.0567033795103602
ACZ_monotherapy,3000,5.09715609135837,-1.3071878438677351,67.0,0.11236262998816304,-0.2106154478476605
ACZ_monotherapy,4000,5.3117074892789935,-1.4043668296621075,73.0,0.21455139792062372,-0.09717898579437234
