drug,dose_mg,icp_reduction,pmd_improvement,tolerability,pct_max_icp,pct_max_pmd
TPM,0,0.0,0.0,0.9,0.0,0.0
TPM,25,-0.8428995663966127,0.23961110359152052,0.8668749759487396,8.872627014701186,8.557539413982877
TPM,50,-1.8371093142675858,0.495471879323815,0.8349691376956976,19.33799278176406,17.69542426156482
TPM,100,-3.526328155780723,0.9257596921636211,0.774637178782552,37.119243745060245,33.06284614870075
TPM,150,-4.75,1.247457888433791,0.7186645968834394,50.0,44.55206744406397
TPM,200,-5.628008543112241,1.4883851266289476,0.666736398613546,59.24219519065517,53.156611665319566
TPM,250,-6.271660664398389,1.672424677012511,0.618560350911875,66.01748067787778,59.72945275044683
TPM,300,-6.756150345757664,1.816143644056518,0.573865336459596,71.11737206060698,64.8622730020185
TPM,400,-7.42530244200871,2.0237367388279868,0.49393047248462374,78.16107833693378,72.27631210099953
